libs/facerec/data/at/s1/1.pgm;103
libs/facerec/data/at/s1/2.pgm;103
libs/facerec/data/at/s1/3.pgm;103
libs/facerec/data/at/s1/4.pgm;103
libs/facerec/data/at/s1/5.pgm;103
libs/facerec/data/at/s1/6.pgm;103
libs/facerec/data/at/s1/7.pgm;103
libs/facerec/data/at/s1/8.pgm;103
libs/facerec/data/at/s1/9.pgm;103
libs/facerec/data/at/s1/10.pgm;103
libs/facerec/data/at/Ryan/0.pgm;102
libs/facerec/data/at/Ryan/1.pgm;102
libs/facerec/data/at/Ryan/2.pgm;102
libs/facerec/data/at/Ryan/3.pgm;102
libs/facerec/data/at/Ryan/4.pgm;102
libs/facerec/data/at/Ryan/5.pgm;102
libs/facerec/data/at/Ryan/6.pgm;102
libs/facerec/data/at/Ryan/7.pgm;102
libs/facerec/data/at/Ryan/8.pgm;102
libs/facerec/data/at/Ryan/9.pgm;102
libs/facerec/data/at/Ryan/10.pgm;102
libs/facerec/data/at/Tesh/0.pgm;101
libs/facerec/data/at/Tesh/1.pgm;101
libs/facerec/data/at/Tesh/2.pgm;101
libs/facerec/data/at/Tesh/3.pgm;101
libs/facerec/data/at/Tesh/4.pgm;101
libs/facerec/data/at/Tesh/5.pgm;101
libs/facerec/data/at/Tesh/6.pgm;101
libs/facerec/data/at/Tesh/7.pgm;101
libs/facerec/data/at/Tesh/8.pgm;101
libs/facerec/data/at/Tesh/9.pgm;101
libs/facerec/data/at/Tesh/10.pgm;101